<?xml version="1.0" encoding="UTF-8"?>
<project-private xmlns="http://www.netbeans.org/ns/project-private/1">
    <editor-bookmarks xmlns="http://www.netbeans.org/ns/editor-bookmarks/2" lastBookmarkId="0"/>
    <open-files xmlns="http://www.netbeans.org/ns/projectui-open-files/2">
        <group>
            <file>file:/home/ciro_ev/NetBeansProjects/IncidenciasCiro/src/Allan/AdministradorRevisaIncidencias.java</file>
            <file>file:/home/ciro_ev/NetBeansProjects/IncidenciasCiro/src/Reportar/Generar.java</file>
            <file>file:/home/ciro_ev/NetBeansProjects/IncidenciasCiro/src/Reportar/Metodos.java</file>
            <file>file:/home/ciro_ev/NetBeansProjects/IncidenciasCiro/src/Ciro/Autenticacion.java</file>
            <file>file:/home/ciro_ev/NetBeansProjects/IncidenciasCiro/src/Allan/AdministradorAsignaIncidencias.java</file>
        </group>
    </open-files>
</project-private>
